{
  "section_1_time": 7.161315441131592,
  "section_2_time": 6.44987154006958,
  "section_3_time": 6.838641405105591,
  "section_4_time": 6.719727993011475,
  "section_5_time": 6.728814125061035,
  "total_chars": 2885,
  "total_time": 33.89837050437927
}